product_id,product_name,category_id,unit_cost,selling_price,holding_cost_per_unit,moq
P001,Product 001,CAT002,203.64,396.43,4.25,200
P002,Product 002,CAT009,92.59,171.86,1.9,100
P003,Product 003,CAT006,204.12,340.96,8.04,25
P004,Product 004,CAT002,8.37,14.19,0.25,50
P005,Product 005,CAT007,85.67,106.73,2.9,25
P006,Product 006,CAT002,89.32,162.64,2.6,50
P007,Product 007,CAT004,159.58,209.03,6.69,10
P008,Product 008,CAT001,131.81,181.2,6.13,200
P009,Product 009,CAT007,219.88,269.34,7.13,100
P010,Product 010,CAT002,68.1,96.36,2.25,50
P011,Product 011,CAT001,153.66,266.6,4.43,25
P012,Product 012,CAT010,140.09,269.62,3.67,50
P013,Product 013,CAT001,235.88,339.49,11.75,25
P014,Product 014,CAT009,30.72,37.04,0.91,200
P015,Product 015,CAT004,139.77,195.92,3.27,10
P016,Product 016,CAT010,145.32,280.94,2.75,200
P017,Product 017,CAT006,75.64,132.25,1.51,200
P018,Product 018,CAT001,22.06,32.09,0.38,200
P019,Product 019,CAT003,64.35,99.48,2.7,25
P020,Product 020,CAT009,131.17,172.2,3.9,50
P021,Product 021,CAT010,109.22,189.64,1.61,200
P022,Product 022,CAT006,154.99,250.99,2.31,10
P023,Product 023,CAT008,240.38,361.06,6.16,25
P024,Product 024,CAT006,107.06,147.8,2.14,50
P025,Product 025,CAT003,75.28,98.67,0.87,200
P026,Product 026,CAT008,71.18,135.11,1.71,200
P027,Product 027,CAT005,193.21,324.92,7.08,25
P028,Product 028,CAT002,31.44,38.36,1.21,100
P029,Product 029,CAT002,199.61,382.29,4.6,25
P030,Product 030,CAT009,183.59,227.08,4.57,50
P031,Product 031,CAT009,166.16,305.49,7.16,100
P032,Product 032,CAT010,20.83,39.3,0.41,100
P033,Product 033,CAT010,201.75,323.04,6.33,100
P034,Product 034,CAT008,165.07,326.35,4.22,50
P035,Product 035,CAT008,219.02,370.06,10.68,25
P036,Product 036,CAT010,46.75,90.94,2.12,50
P037,Product 037,CAT004,222.18,345.4,10.23,10
P038,Product 038,CAT001,124.88,170.91,4.49,200
P039,Product 039,CAT005,248.93,489.03,6.41,25
P040,Product 040,CAT005,199.62,379.43,7.63,200
P041,Product 041,CAT009,103.88,130.0,1.12,25
P042,Product 042,CAT006,71.46,130.0,2.29,50
P043,Product 043,CAT005,11.7,20.44,0.35,200
P044,Product 044,CAT009,175.42,247.86,7.83,10
P045,Product 045,CAT005,204.13,300.15,5.13,100
P046,Product 046,CAT007,65.16,111.84,2.13,50
P047,Product 047,CAT003,101.79,135.24,4.59,100
P048,Product 048,CAT003,193.82,329.29,7.48,50
P049,Product 049,CAT008,137.99,218.96,3.45,10
P050,Product 050,CAT006,226.2,397.16,11.31,50
P051,Product 051,CAT004,11.49,19.09,0.14,200
P052,Product 052,CAT006,47.58,89.5,2.0,200
P053,Product 053,CAT006,144.0,235.76,4.73,200
P054,Product 054,CAT007,235.37,382.25,3.84,100
P055,Product 055,CAT003,145.63,230.72,5.62,10
P056,Product 056,CAT004,42.65,76.57,1.59,200
P057,Product 057,CAT006,102.25,203.82,1.73,200
P058,Product 058,CAT007,123.37,172.08,5.35,50
P059,Product 059,CAT010,86.0,159.34,3.83,10
P060,Product 060,CAT001,84.62,159.83,1.11,50
P061,Product 061,CAT009,147.45,205.78,2.11,200
P062,Product 062,CAT008,199.48,390.66,3.17,50
P063,Product 063,CAT008,148.66,286.61,3.05,200
P064,Product 064,CAT003,186.69,361.83,8.89,10
P065,Product 065,CAT010,187.4,258.74,7.15,10
P066,Product 066,CAT006,128.58,219.69,4.42,10
P067,Product 067,CAT005,194.85,279.02,6.97,200
P068,Product 068,CAT007,155.59,278.28,2.13,100
P069,Product 069,CAT007,70.55,123.88,1.67,100
P070,Product 070,CAT002,233.94,389.18,3.81,50
P071,Product 071,CAT009,141.29,189.82,3.05,200
P072,Product 072,CAT006,148.23,267.27,3.54,200
P073,Product 073,CAT003,132.67,207.9,5.57,200
P074,Product 074,CAT007,160.62,288.76,2.9,50
P075,Product 075,CAT009,5.86,8.16,0.16,50
P076,Product 076,CAT010,75.24,97.5,2.01,10
P077,Product 077,CAT007,246.37,414.77,4.28,50
P078,Product 078,CAT002,91.71,119.55,3.31,200
P079,Product 079,CAT010,10.95,19.21,0.3,200
P080,Product 080,CAT007,94.65,162.14,3.64,25
P081,Product 081,CAT010,249.36,355.34,10.6,10
P082,Product 082,CAT003,186.41,369.31,7.74,200
P083,Product 083,CAT006,179.15,346.34,4.77,10
P084,Product 084,CAT010,127.42,233.36,1.37,50
P085,Product 085,CAT009,86.62,129.89,1.53,50
P086,Product 086,CAT002,169.23,292.11,3.77,200
P087,Product 087,CAT010,141.03,273.81,3.13,100
P088,Product 088,CAT004,36.54,45.66,0.43,100
P089,Product 089,CAT001,211.43,288.01,3.85,100
P090,Product 090,CAT007,5.03,6.4,0.06,50
P091,Product 091,CAT010,8.74,15.26,0.26,50
P092,Product 092,CAT007,220.47,390.24,4.56,10
P093,Product 093,CAT007,186.62,337.13,2.65,25
P094,Product 094,CAT009,242.49,437.49,7.79,100
P095,Product 095,CAT006,174.75,227.11,2.42,200
P096,Product 096,CAT010,187.64,324.4,6.52,200
P097,Product 097,CAT010,162.38,241.09,2.89,200
P098,Product 098,CAT002,163.85,217.96,2.18,200
P099,Product 099,CAT010,134.11,174.46,1.51,100
P100,Product 100,CAT010,56.31,87.59,1.93,200
P101,Product 101,CAT010,8.88,13.67,0.26,50
P102,Product 102,CAT010,216.66,380.26,10.39,100
P103,Product 103,CAT002,182.94,304.87,6.47,25
P104,Product 104,CAT003,165.34,295.77,2.79,50
P105,Product 105,CAT007,230.88,298.04,5.68,50
P106,Product 106,CAT003,49.1,75.55,0.86,200
P107,Product 107,CAT008,67.19,127.45,0.99,10
P108,Product 108,CAT004,68.27,123.79,3.34,200
P109,Product 109,CAT010,32.95,63.4,1.38,10
P110,Product 110,CAT002,61.19,99.18,2.1,10
P111,Product 111,CAT009,52.42,69.9,0.62,10
P112,Product 112,CAT010,34.62,59.84,0.4,200
P113,Product 113,CAT009,228.11,288.25,6.07,50
P114,Product 114,CAT001,6.45,12.22,0.26,200
P115,Product 115,CAT002,62.92,117.19,3.04,50
P116,Product 116,CAT007,13.01,25.48,0.35,100
P117,Product 117,CAT009,216.35,356.24,9.7,25
P118,Product 118,CAT005,172.06,247.3,4.25,200
P119,Product 119,CAT001,183.29,302.49,5.96,10
P120,Product 120,CAT010,5.59,8.32,0.1,25
