product_id,supplier_id,is_primary_supplier,supplier_unit_cost
P001,S020,True,197.14
P002,S012,True,101.24
P003,S005,True,206.76
P004,S014,True,9.19
P005,S016,True,89.8
P006,S009,True,86.51
P007,S013,True,157.89
P008,S009,True,138.8
P009,S013,True,198.04
P010,S011,True,66.31
P011,S002,True,150.39
P012,S001,True,130.33
P013,S007,True,239.16
P014,S007,True,27.83
P015,S005,True,139.31
P016,S016,True,134.97
P017,S003,True,69.05
P018,S017,True,21.76
P019,S011,True,62.94
P020,S007,True,134.04
P021,S020,True,115.38
P022,S003,True,163.11
P023,S020,True,253.46
P024,S002,True,107.25
P025,S008,True,80.31
P026,S002,True,65.92
P027,S003,True,206.79
P028,S014,True,29.8
P029,S012,True,183.13
P030,S007,True,184.01
P031,S013,True,172.0
P032,S008,True,21.26
P033,S019,True,221.85
P034,S011,True,148.72
P035,S017,True,216.75
P036,S003,True,47.7
P037,S005,True,221.68
P038,S018,True,115.35
P039,S008,True,225.64
P040,S008,True,214.83
P041,S004,True,113.21
P042,S013,True,73.46
P043,S020,True,12.43
P044,S020,True,159.13
P045,S019,True,204.16
P046,S016,True,64.94
P047,S014,True,99.26
P048,S007,True,208.21
P049,S006,True,125.74
P050,S020,True,244.8
P051,S017,True,10.55
P052,S007,True,51.8
P053,S005,True,157.44
P054,S010,True,222.76
P055,S008,True,138.12
P056,S015,True,45.32
P057,S016,True,108.3
P058,S016,True,127.43
P059,S011,True,93.71
P060,S007,True,89.33
P061,S005,True,155.21
P062,S002,True,212.88
P063,S012,True,141.67
P064,S006,True,172.57
P065,S017,True,171.58
P066,S003,True,134.92
P067,S016,True,181.84
P068,S017,True,159.66
P069,S017,True,72.54
P070,S013,True,240.74
P071,S004,True,139.41
P072,S009,True,134.62
P073,S010,True,142.94
P074,S016,True,157.01
P075,S018,True,6.32
P076,S014,True,69.02
P077,S008,True,230.1
P078,S018,True,90.02
P079,S004,True,12.02
P080,S003,True,89.24
P081,S008,True,239.86
P082,S016,True,191.31
P083,S005,True,191.53
P084,S015,True,136.95
P085,S017,True,87.0
P086,S018,True,152.44
P087,S005,True,153.64
P088,S004,True,36.92
P089,S007,True,201.89
P090,S016,True,5.41
P091,S013,True,9.54
P092,S010,True,226.64
P093,S016,True,194.02
P094,S008,True,260.16
P095,S013,True,170.05
P096,S017,True,181.11
P097,S018,True,169.4
P098,S007,True,175.91
P099,S017,True,129.56
P100,S015,True,55.87
P101,S020,True,9.2
P102,S020,True,211.54
P103,S018,True,198.43
P104,S010,True,151.27
P105,S008,True,230.72
P106,S007,True,48.48
P107,S016,True,71.74
P108,S014,True,73.1
P109,S015,True,33.73
P110,S017,True,57.33
P111,S011,True,54.9
P112,S015,True,34.1
P113,S010,True,241.31
P114,S016,True,6.86
P115,S003,True,63.68
P116,S020,True,13.52
P117,S016,True,194.89
P118,S014,True,181.49
P119,S007,True,197.54
P120,S002,True,5.99
P001,S012,False,202.72
P001,S002,False,217.46
P003,S012,False,183.8
P004,S019,False,8.83
P004,S013,False,8.99
P005,S020,False,88.23
P005,S018,False,89.34
P006,S017,False,85.22
P007,S012,False,145.07
P007,S018,False,154.16
P008,S005,False,135.03
P008,S017,False,133.4
P011,S018,False,146.04
P013,S015,False,254.26
P013,S003,False,247.9
P014,S020,False,32.5
P014,S008,False,31.63
P015,S003,False,137.77
P015,S002,False,127.09
P017,S002,False,74.24
P021,S015,False,112.69
P023,S015,False,236.49
P025,S005,False,74.28
P025,S018,False,80.78
P027,S014,False,177.95
P027,S017,False,202.76
P028,S004,False,30.72
P029,S014,False,215.44
P031,S012,False,152.08
P032,S003,False,20.07
P034,S007,False,156.3
P035,S015,False,208.25
P037,S016,False,200.25
P039,S009,False,244.07
P040,S012,False,203.27
P041,S015,False,101.03
P041,S016,False,109.27
P042,S020,False,64.44
P043,S019,False,12.59
P045,S017,False,200.56
P046,S018,False,64.93
P047,S010,False,92.94
P047,S018,False,105.02
P048,S012,False,182.02
P048,S006,False,207.8
P050,S013,False,232.36
P050,S019,False,226.33
P052,S018,False,44.83
P053,S002,False,141.48
P054,S005,False,252.92
P055,S012,False,152.41
P056,S003,False,44.24
P058,S005,False,121.02
P061,S017,False,154.11
P062,S003,False,205.71
P062,S010,False,194.23
P064,S019,False,194.37
P065,S008,False,178.29
P066,S010,False,121.15
P067,S015,False,188.42
P068,S018,False,157.71
P069,S016,False,73.62
P070,S005,False,229.44
P070,S012,False,244.07
P071,S010,False,150.85
P072,S007,False,145.27
P072,S015,False,141.56
P074,S007,False,150.06
P074,S001,False,148.25
P076,S016,False,77.42
P078,S006,False,85.05
P078,S004,False,90.9
P080,S016,False,97.62
P081,S012,False,261.33
P082,S014,False,201.31
P083,S015,False,182.25
P083,S001,False,163.42
P084,S012,False,116.56
P086,S014,False,161.62
P087,S017,False,137.1
P089,S002,False,209.06
P090,S013,False,4.7
P091,S005,False,9.56
P092,S016,False,215.27
P095,S002,False,168.79
P096,S009,False,181.08
P097,S001,False,174.06
P098,S008,False,164.12
P099,S012,False,137.36
P099,S018,False,120.83
P101,S002,False,9.33
P103,S001,False,188.38
P103,S005,False,197.13
P105,S017,False,252.34
P108,S016,False,62.85
P109,S008,False,30.78
P110,S003,False,61.45
P110,S014,False,67.0
P112,S008,False,31.75
P112,S010,False,34.92
P115,S016,False,64.45
P116,S019,False,12.18
P118,S018,False,156.04
P120,S009,False,5.95
